Workbook

Sheet Overview
A1: Grid of Fortune — the whole game on six sheets
A2: Generated from the source. Ladder, Seam, Dealing window, Specials and Config are all read out of js/.
A5: The rule | C5: Drop one piece into a column. Three of a kind touching merge into one, a rung up.
A6: The board | B6: =Config!$C$7 | C6: 6 x 6. A full board is the only way a run ends.
A7: In hand | B7: =Config!$C$9 | C7: One piece. The whole decision is which column.
A8: Merge at | B8: =Config!$C$10 | C8: Same-kind pieces that must touch.
A9: Rungs on the ladder | B9: 35 | C9: Dirt up to Crown. See the Ladder sheet.
A10: Rungs dealt at once | B10: 3 | C10: A moving window of three. Everything below it is stranded for good.
A11: Seam steps | B11: 8 | C11: Pieces fall in on their own, faster as the run goes on. See the Seam sheet.
A13: Scoring | C13: Every unit merged pays its own worth: three coal pay three coal, five pay five.
A14: Chains | B14: =Config!$C$18 | C14: Biggest multiplier when one merge sets off the next.
A15: Blast payout | B15: =Config!$C$21 | C15: Dynamite and the star pay the full worth of what they destroy.
A17: Measured run length | B17: 453 | C17: Median drops, greedy bot, 40 seeded runs. A person jams sooner.
A18: Measured score | B18: 54205 | C18: Median. Score is exponential in how high you climb.
A19: Board sits at | B19: 0.43 | C19: Mean occupancy. Set by the merge rule, not by what falls in.
A20: Danger starts at | B20: 0.83 | C20: At 83% full, 27% of runs end within 15 drops. At 68% it is 0%.
A22: Measured figures come from a greedy bot over 40 seeded runs, not from play. Read them as a floor.

Sheet Config
A1: Every dial in the game
A2: Read straight from js/core/config.js. Blue = a value set in the source; change it there and the game changes. Other sheets reference these cells.
A4: Group | B4: Setting | C4: Value | D4: What it does
A5: Board | B5: cols | C5: 6 | D5: Grid width
A6: Board | B6: rows | C6: 6 | D6: Grid height
A7: Board | B7: (squares) | C7: 36 | D7: Total squares
A8: Board | B8: seedPieces | C8: 6 | D8: Pieces dropped in when a run opens
A9: Board | B9: handSize | C9: 1 | D9: Pieces held at once - the whole decision is which column
A10: Merging | B10: mergeAt | C10: 3 | D10: Same-kind pieces that must touch to merge
A11: Merging | B11: surplusStays | C11: TRUE | D11: A run hands back all but two of itself
A12: Merging | B12: surplusMost | C12: 0 | D12: Cap on pieces handed back (0 = no cap)
A13: Merging | B13: sameInRow | C13: 2 | D13: Most times the same piece is dealt in a row
A14: Merging | B14: dealBehind | C14: 2 | D14: How far the dealing window trails your highest
A15: Merging | B15: growStranded | C15: FALSE | D15: Off: nothing grows up behind the window
A16: Scoring | B16: (rule) | C16: points x units merged | D16: Every unit merged pays its own worth
A17: Scoring | B17: chainStep | C17: 1 | D17: Multiplier added per link in a chain
A18: Scoring | B18: chainMost | C18: 5 | D18: Biggest chain multiplier
A19: Scoring | B19: cashBonus | C19: 2 | D19: Multiplier when the top rung cashes out
A20: Scoring | B20: cashLeaves | C20: TRUE | D20: A cash-out leaves rubble behind
A21: Scoring | B21: blastPays | C21: 1 | D21: Share of destroyed worth paid by dynamite and the star
A22: Seam | B22: fallRoom | C22: 0.25 | D22: A burst is capped at this share of the free squares
A23: Seam | B23: fallLeast | C23: 1 | D23: but never trimmed below this
A24: Seam | B24: fallEven | C24: TRUE | D24: Bursts land in the columns with the most room
A25: Hazards | B25: dynamiteFrom | C25: 1250 | D25: Score at which dynamite starts arriving
A26: Hazards | B26: dynamiteChance | C26: 0.07 | D26: Chance per rained piece
A27: Hazards | B27: dynamiteFuse | C27: 12 | D27: Drops before a stick goes off on its own
A28: Hazards | B28: blastSpacing | C28: 2 | D28: Columns kept between explosives
A29: Hazards | B29: lodestoneFrom | C29: 6250 | D29: Score at which stars start arriving
A30: Hazards | B30: lodestoneChance | C30: 0.015 | D30: Chance per rained piece
A31: Hazards | B31: rubbleFrom | C31: 8 | D31: Highest tier at which rubble starts arriving
A32: Hazards | B32: rubbleRise | C32: 0.05 | D32: Chance added per rung above that
A33: Hazards | B33: rubbleMost | C33: 0.45 | D33: Highest rubble chance
A34: Hazards | B34: rubbleBreaks | C34: TRUE | D34: A merge next to rubble clears it

Sheet Ladder
A1: The ladder — 35 rungs
A2: Points are the source values (blue). Everything right of them is a formula off those points.
A4: Tier | B4: Piece | C4: Group | D4: Points | E4: Step up | F4: Merge of 3 pays | G4: of 4 | H4: of 5 | I4: Merge of 3 at max chain | J4: Dirt inside one | K4: Next rung
A5: 1 | B5: Dirt | C5: Metals | D5: 1 | E5: — | F5: =$D5*3 | G5: =$D5*4 | H5: =$D5*5 | I5: =$D5*3*Config!$C$18 | J5: =Config!$C$10^(A5-1) | K5: Stone
A6: 2 | B6: Stone | C6: Metals | D6: 2 | E6: =D6/D5-1 | F6: =$D6*3 | G6: =$D6*4 | H6: =$D6*5 | I6: =$D6*3*Config!$C$18 | J6: =Config!$C$10^(A6-1) | K6: Coal
A7: 3 | B7: Coal | C7: Metals | D7: 3 | E7: =D7/D6-1 | F7: =$D7*3 | G7: =$D7*4 | H7: =$D7*5 | I7: =$D7*3*Config!$C$18 | J7: =Config!$C$10^(A7-1) | K7: Iron
A8: 4 | B8: Iron | C8: Metals | D8: 4 | E8: =D8/D7-1 | F8: =$D8*3 | G8: =$D8*4 | H8: =$D8*5 | I8: =$D8*3*Config!$C$18 | J8: =Config!$C$10^(A8-1) | K8: Zinc
A9: 5 | B9: Zinc | C9: Metals | D9: 6 | E9: =D9/D8-1 | F9: =$D9*3 | G9: =$D9*4 | H9: =$D9*5 | I9: =$D9*3*Config!$C$18 | J9: =Config!$C$10^(A9-1) | K9: Copper
A10: 6 | B10: Copper | C10: Metals | D10: 8 | E10: =D10/D9-1 | F10: =$D10*3 | G10: =$D10*4 | H10: =$D10*5 | I10: =$D10*3*Config!$C$18 | J10: =Config!$C$10^(A10-1) | K10: Bronze
A11: 7 | B11: Bronze | C11: Metals | D11: 11 | E11: =D11/D10-1 | F11: =$D11*3 | G11: =$D11*4 | H11: =$D11*5 | I11: =$D11*3*Config!$C$18 | J11: =Config!$C$10^(A11-1) | K11: Tin
A12: 8 | B12: Tin | C12: Metals | D12: 15 | E12: =D12/D11-1 | F12: =$D12*3 | G12: =$D12*4 | H12: =$D12*5 | I12: =$D12*3*Config!$C$18 | J12: =Config!$C$10^(A12-1) | K12: Titanium
A13: 9 | B13: Titanium | C13: Metals | D13: 21 | E13: =D13/D12-1 | F13: =$D13*3 | G13: =$D13*4 | H13: =$D13*5 | I13: =$D13*3*Config!$C$18 | J13: =Config!$C$10^(A13-1) | K13: Silver
A14: 10 | B14: Silver | C14: Metals | D14: 30 | E14: =D14/D13-1 | F14: =$D14*3 | G14: =$D14*4 | H14: =$D14*5 | I14: =$D14*3*Config!$C$18 | J14: =Config!$C$10^(A14-1) | K14: Gold
A15: 11 | B15: Gold | C15: Metals | D15: 42 | E15: =D15/D14-1 | F15: =$D15*3 | G15: =$D15*4 | H15: =$D15*5 | I15: =$D15*3*Config!$C$18 | J15: =Config!$C$10^(A15-1) | K15: Platinum
A16: 12 | B16: Platinum | C16: Metals | D16: 59 | E16: =D16/D15-1 | F16: =$D16*3 | G16: =$D16*4 | H16: =$D16*5 | I16: =$D16*3*Config!$C$18 | J16: =Config!$C$10^(A16-1) | K16: Iridium
A17: 13 | B17: Iridium | C17: Metals | D17: 82 | E17: =D17/D16-1 | F17: =$D17*3 | G17: =$D17*4 | H17: =$D17*5 | I17: =$D17*3*Config!$C$18 | J17: =Config!$C$10^(A17-1) | K17: Rhodium
... A39: 35 | B39: Crown | C39: Gems | D39: 132000 | E39: =D39/D38-1 | F39: =$D39*3 | G39: =$D39*4 | H39: =$D39*5 | I39: =$D39*3*Config!$C$18 | J39: =Config!$C$10^(A39-1) | K39: — top of the ladder
A41: 'Merge of 3/4/5' is the unit count in one merge — the minimum is mergeAt. 'Dirt inside one' is how many tier-1 pieces a single piece of that rung is built from.

Sheet Seam
A1: The seam — pieces that fall in on their own
A2: Blue is the schedule in config. The rate columns are formulas, so editing count or every reflows them.
A4: Step | B4: From drop | C4: To drop | D4: Pieces per burst | E4: Every N drops | F4: Pieces per drop | G4: Total per drop incl. yours | H4: Change vs previous step
A5: 1 | B5: 0 | C5: 109 | D5: 2 | E5: 5 | F5: =D5/E5 | G5: =1+F5 | H5: —
A6: 2 | B6: 110 | C6: 149 | D6: 3 | E6: 5 | F6: =D6/E6 | G6: =1+F6 | H6: =F6/F5-1
A7: 3 | B7: 150 | C7: 199 | D7: 3 | E7: 4 | F7: =D7/E7 | G7: =1+F7 | H7: =F7/F6-1
A8: 4 | B8: 200 | C8: 249 | D8: 2 | E8: 2 | F8: =D8/E8 | G8: =1+F8 | H8: =F8/F7-1
A9: 5 | B9: 250 | C9: 309 | D9: 4 | E9: 3 | F9: =D9/E9 | G9: =1+F9 | H9: =F9/F8-1
A10: 6 | B10: 310 | C10: 369 | D10: 3 | E10: 2 | F10: =D10/E10 | G10: =1+F10 | H10: =F10/F9-1
A11: 7 | B11: 370 | C11: 429 | D11: 2 | E11: 1 | F11: =D11/E11 | G11: =1+F11 | H11: =F11/F10-1
A12: 8 | B12: 430 | C12: onward | D12: 3 | E12: 1 | F12: =D12/E12 | G12: =1+F12 | H12: =F12/F11-1
A14: A burst is trimmed to a quarter of the free squares (fallRoom) and lands in the columns with the most room (fallEven), so these are the scheduled figures, not always the delivered ones.

Sheet Dealing window
A1: What the hand deals, at every height you reach
A2: Only three rungs are ever dealt. Everything below the window is stranded — no deal will ever complete it.
A4: Highest reached | B4: Piece | C4: Deals 1st | D4: odds | E4: Deals 2nd | F4: odds | G4: Deals 3rd | H4: odds | I4: Rungs stranded below
A5: 1 | B5: Dirt | C5: Dirt | D5: 0.46 | E5: Stone | F5: 0.34 | G5: Coal | H5: 0.2 | I5: 0
A6: 2 | B6: Stone | C6: Dirt | D6: 0.46 | E6: Stone | F6: 0.34 | G6: Coal | H6: 0.2 | I6: 0
A7: 3 | B7: Coal | C7: Dirt | D7: 0.46 | E7: Stone | F7: 0.34 | G7: Coal | H7: 0.2 | I7: 0
A8: 4 | B8: Iron | C8: Dirt | D8: 0.46 | E8: Stone | F8: 0.34 | G8: Coal | H8: 0.2 | I8: 0
A9: 5 | B9: Zinc | C9: Dirt | D9: 0.46 | E9: Stone | F9: 0.34 | G9: Coal | H9: 0.2 | I9: 0
A10: 6 | B10: Copper | C10: Stone | D10: 0.46 | E10: Coal | F10: 0.34 | G10: Iron | H10: 0.2 | I10: 1
A11: 7 | B11: Bronze | C11: Coal | D11: 0.46 | E11: Iron | F11: 0.34 | G11: Zinc | H11: 0.2 | I11: 2
A12: 8 | B12: Tin | C12: Iron | D12: 0.46 | E12: Zinc | F12: 0.34 | G12: Copper | H12: 0.2 | I12: 3
A13: 9 | B13: Titanium | C13: Zinc | D13: 0.46 | E13: Copper | F13: 0.34 | G13: Bronze | H13: 0.2 | I13: 4
A14: 10 | B14: Silver | C14: Copper | D14: 0.46 | E14: Bronze | F14: 0.34 | G14: Tin | H14: 0.2 | I14: 5
A15: 11 | B15: Gold | C15: Bronze | D15: 0.46 | E15: Tin | F15: 0.34 | G15: Titanium | H15: 0.2 | I15: 6
A16: 12 | B16: Platinum | C16: Tin | D16: 0.46 | E16: Titanium | F16: 0.34 | G16: Silver | H16: 0.2 | I16: 7
... A39: 35 | B39: Crown | C39: Red Beryl | D39: 0.46 | E39: Diamond | F39: 0.34 | G39: Crown | H39: 0.2 | I39: 32
A41: The window trails your highest by dealBehind and stops three from the top. 'Rungs stranded below' counts what can no longer be dealt at all.

Sheet Specials
A1: The three pieces that are not on the ladder
A2: None of them are worth points themselves. They arrive with the seam.
A4: Piece | B4: Worth | C4: Starts arriving | D4: Chance | E4: Max per burst | F4: What it does
A5: Rubble | B5: 0 | C5: From highest tier 8 onward | D5: rises 5% per rung, capped 45% | E5: 1 | F5: Blocks a square. Cleared by a merge landing next to it. Pays nothing.
A6: Dynamite | B6: 0 | C6: From 1250 points | D6: 7% per rained piece | E6: 1 | F6: Clears the 8 squares around it. Lit by an adjacent merge, or self-fires after 12 drops. Pays 100% of what it destroys.
A7: Star | B7: 0 | C7: From 6250 points | D7: 1.5% per rained piece | E7: 1 | F7: Woken by an adjacent merge; pulls every piece of one kind you name off the board. Pays 100% of what it removes.
A9: Rubble pays nothing wherever it is destroyed. Dynamite and the star pay the full worth of every piece they remove (blastPays on Config).
